Karma,score,author
6514,0,PureTryOut
38324,0,1_p_freely
248,0,Worldly_Topic
7306,0,Atemu12
1411,0,BibianaAudris
21,0,hnxiumq
3138,1,GrokkinZenUI
1,0,AlienOverlordXenu
21328,1,Commodore256
95,0,Ilarramendi
2929,0,tso
51,0,shatsky
414,0,bidzapfc
2533,0,Pelo1968
1,0,bigrealaccount
279,1,Furezuu
1,0,nan
1,0,nan
70,0,Agent-BTZ
20,0,dlarge6510
931,0,kausar007
698,0,majdhwmd
225,0,Dinksta
1,0,nan
1,0,nan
1,0,nan
1,0,nan
1,0,nan
1,0,nan
1,0,nan
1,0,nan
1,0,nan
1,0,nan
1,0,nan
1,0,nan
1,0,nan
1,0,nan
1,0,nan
1,0,nan
1,0,nan
1,0,nan
1,0,nan
1,0,nan
1,0,nan
1,0,nan
1,0,nan
1,0,nan
1,0,nan
1,0,nan
1,0,nan
1,0,nan
1,0,nan
1,0,nan
1,0,nan
1,0,nan
1,0,nan
1,0,nan
1,0,nan
1,0,nan
1,0,nan
1,0,nan
1,0,nan
1,0,nan
1,0,nan
1,0,nan
1,0,nan
1,0,nan
1,0,nan
1,0,nan
1,0,nan
1,0,nan
1,0,nan
1,0,nan
1,0,nan
1,0,nan
1,0,nan
1,0,nan
1,0,nan
1,0,nan
1,0,nan
1,0,nan
1,0,nan
1,0,nan
1,0,nan
1,0,nan
1,0,nan
1,0,nan
1,0,nan
1,0,nan
1,0,nan
1,0,nan
1,0,nan
1,0,nan
1,0,nan
1,0,nan
1,0,nan
1,0,nan
1,0,nan
1,0,nan
1,0,nan
1,0,nan
1,0,nan
1,0,nan
1,0,nan
1,0,nan
1,0,nan
1,0,nan
1,0,nan
1,0,nan
1,0,nan
1,0,nan
1,0,nan
1,0,nan
1,0,nan
1,0,nan
1,0,nan
1,0,nan
1,0,nan
1,0,nan
1,0,nan
1,0,nan
1,0,nan
1,0,nan
1,0,nan
1,0,nan
1,0,nan
1,0,nan
1,0,nan
1,0,nan
1,0,nan
1,0,nan
1,0,nan
1,0,nan
1,0,nan
1,0,nan
1,0,nan
1,0,nan
1,0,nan
1,0,nan
1,0,nan
1,0,nan
1,0,nan
1,0,nan
1,0,nan
1,0,nan
1,0,nan
1,0,nan
1,0,nan
1,0,nan
1,0,nan
1,0,nan
1,0,nan
1,0,nan
1,0,nan
1,0,nan
1,0,nan
1,0,nan
1,0,nan
1,0,nan
1,0,nan
1,0,nan
1,0,nan
1,0,nan
1,0,nan
1,0,nan
1,0,nan
1,0,nan
1,0,nan
1,0,nan
1,0,nan
1,0,nan
1,0,nan
1,0,nan
1,0,nan
1,0,nan
1,0,nan
1,0,nan
1,0,nan
1,0,nan
1,0,nan
1,0,nan
1,0,nan
1,0,nan
1,0,nan
1,0,nan
1,0,nan
1,0,nan
1,0,nan
1,0,nan
1,0,nan
1,0,nan
1,0,nan
1,0,nan
1,0,nan
1,0,nan
1,0,nan
1,0,nan
1,0,nan
1,0,nan
1,0,nan
1,0,nan
1,0,nan
1,0,nan
1,0,nan
1,0,nan
1,0,nan
1,0,nan
1,0,nan
1,0,nan
1,0,nan
1,0,nan
1,0,nan
1,0,nan
1,0,nan
1,0,nan
1,0,nan
1,0,nan
1,0,nan
1,0,nan
1,0,nan
1,0,nan
1,0,nan
1,0,nan
1,0,nan
1,0,nan
1,0,nan
1,0,nan
1,0,nan
1,0,nan
1,0,nan
1,0,nan
1,0,nan
1,0,nan
1,0,nan
1,0,nan
1,0,nan
1,0,nan
1,0,nan
1,0,nan
1,0,nan
1,0,nan
1,0,nan
1,0,nan
1,0,nan
1,0,nan
1,0,nan
1,0,nan
1,0,nan
1,0,nan
1,0,nan
1,0,nan
1,0,nan
1,0,nan
1,0,nan
1,0,nan
1,0,nan
1,0,nan
1,0,nan
1,0,nan
1,0,nan
1,0,nan
1,0,nan
1,0,nan
1,0,nan
1,0,nan
1,0,nan
1,0,nan
1,0,nan
1,0,nan
1,0,nan
1,0,nan
1,0,nan
1,0,nan
1,0,nan
1,0,nan
1,0,nan
1,0,nan
1,0,nan
1,0,nan
1,0,nan
1,0,nan
1,0,nan
1,0,nan
1,0,nan
1,0,nan
1,0,nan
1,0,nan
1,0,nan
1,0,nan
1,0,nan
1,0,nan
1,0,nan
1,0,nan
1,0,nan
1,0,nan
1,0,nan
1,0,nan
1,0,nan
1,0,nan
1,0,nan
1,0,nan
1,0,nan
1,0,nan
1,0,nan
1,0,nan
1,0,nan
1,0,nan
1,0,nan
1,0,nan
1,0,nan
1,0,nan
1,0,nan
1,0,nan
1,0,nan
1,0,nan
1,0,nan
1,0,nan
1,0,nan
1,0,nan
1,0,nan
1,0,nan
1,0,nan
1,0,nan
1,0,nan
1,0,nan
1,0,nan
1,0,nan
1,0,nan
1,0,nan
1,0,nan
1,0,nan
1,0,nan
1,0,nan
1,0,nan
1,0,nan
1,0,nan
1,0,nan
1,0,nan
1,0,nan
1,0,nan
1,0,nan
1,0,nan
1,0,nan
1,0,nan
1,0,nan
1,0,nan
1,0,nan
1,0,nan
1,0,nan
1,0,nan
1,0,nan
1,0,nan
1,0,nan
1,0,nan
1,0,nan
1,0,nan
1,0,nan
1,0,nan
1,0,nan
1,0,nan
1,0,nan
1,0,nan
1,0,nan
1,0,nan
1,0,nan
1,0,nan
1,0,nan
1,0,nan
1,0,nan
1,0,nan
1,0,nan
1,0,nan
1,0,nan
448,0,pcs3rd
80,1,Top-Difference8407
970,0,Competitive_Fall_703
797,1,SaltyMycologist8
375,0,DESTRUCTOCORN
797,1,SaltyMycologist8
7,0,cakeisamadeupdrug1
3234,0,pruningpeacock
545,0,hamernaut
797,1,SaltyMycologist8
905,0,Jannik2099
4355,1,linuxjoy
797,0,SaltyMycologist8
1,0,SallenK
7,0,class_two_perversion
1280,0,Azarish
797,0,SaltyMycologist8
58,0,AleBaba
6514,0,PureTryOut
6514,1,PureTryOut
6514,0,PureTryOut
218,0,sanderd17
3809,0,da_peda
1,0,LightBusterX
1736,0,TheTimeWalker
1411,0,BibianaAudris
1,0,papectontsicyclo
22458,0,meowmeowarmy
1,0,TankTopsBackInStyle
2112,0,Kazer67
9351,0,daemonpenguin
776,0,clickwir
760,0,daddyd
1193,0,kopsis
18,0,Fickle_Canary_5368
1,0,papectontsicyclo
80,1,Top-Difference8407
7,0,cakeisamadeupdrug1
11908,0,twisted7ogic
1044,0,TaskForce_Kerim
3234,0,pruningpeacock
3234,1,pruningpeacock
905,0,Jannik2099
1,0,Emiya_1
1,0,SallenK
3809,0,da_peda
1411,1,BibianaAudris
20,0,singularity-108
7,0,cakeisamadeupdrug1
1,1,Emiya_1
3809,0,da_peda
360,0,BananaPortkey
3596,0,FieryDuckling67
16892,0,Treyzania
4974,0,Cubey21
196,0,Matt4885
1,0,nan
1,0,nan
1,0,nan
1,0,nan
1,0,nan
1,0,nan
1,0,nan
1,0,nan
1,0,nan
1,0,nan
1,0,nan
1,0,nan
1,0,nan
1,0,nan
1,0,nan
1,0,nan
1,0,nan
1,0,nan
1,0,nan
1,0,nan
1,0,nan
1,0,nan
1,0,nan
1,0,nan
1,0,nan
1,0,nan
1,0,nan
1,0,nan
1,0,nan
1,0,nan
1,0,nan
1,0,nan
1,0,nan
1,0,nan
1,0,nan
1,0,nan
1,0,nan
1,0,nan
1,0,nan
1,0,nan
1,0,nan
1,0,nan
1,0,nan
1,0,nan
1,0,nan
1,0,nan
1,0,nan
1,0,nan
1,0,nan
1,0,nan
1,0,nan
1,0,nan
1,0,nan
1,0,nan
1,0,nan
1,0,nan
1,0,nan
1,0,nan
1,0,nan
1,0,nan
1,0,nan
1,0,nan
1,0,nan
1,0,nan
1,0,nan
1,0,nan
1,0,nan
1,0,nan
1,0,nan
1,0,nan
1,0,nan
1,0,nan
1,0,nan
1,0,nan
1,0,nan
1,0,nan
1,0,nan
1,0,nan
1,0,nan
1,0,nan
1,0,nan
1,0,nan
1,0,nan
1,0,nan
1,0,nan
1,0,nan
1,0,nan
1,0,nan
1,0,nan
1,0,nan
1,0,nan
1,0,nan
1,0,nan
1,0,nan
1,0,nan
1,0,nan
1,0,nan
1,0,nan
1,0,nan
1,0,nan
1,0,nan
1,0,nan
1,0,nan
1,0,nan
1,0,nan
1,0,nan
1,0,nan
1,0,nan
1,0,nan
1,0,nan
1,0,nan
1,0,nan
1,0,nan
1,0,nan
1,0,nan
1,0,nan
1,0,nan
1,0,nan
1,0,nan
1,0,nan
1,0,nan
1,0,nan
1,0,nan
1,0,nan
1,0,nan
1,0,nan
1,0,nan
1,0,nan
1,0,nan
1,0,nan
1,0,nan
1,0,nan
1,0,nan
1,0,nan
1,0,nan
1,0,nan
1,0,nan
1,0,nan
1,0,nan
1,0,nan
1,0,nan
1,0,nan
1,0,nan
1,0,nan
1,0,nan
1,0,nan
1,0,nan
1,0,nan
1,0,nan
1,0,nan
1,0,nan
1,0,nan
1,0,nan
1,0,nan
1,0,nan
1,0,nan
1,0,nan
1,0,nan
1,0,nan
1,0,nan
1,0,nan
1,0,nan
1,0,nan
1,0,nan
1,0,nan
1,0,nan
1,0,nan
1,0,nan
1,0,nan
1,0,nan
1,0,nan
1,0,nan
1,0,nan
1,0,nan
1,0,nan
1,0,nan
1,0,nan
1,0,nan
1,0,nan
1,0,nan
1,0,nan
1,0,nan
1,0,nan
1,0,nan
1,0,nan
1,0,nan
1,0,nan
1,0,nan
1,0,nan
1,0,nan
1,0,nan
1,0,nan
1,0,nan
1,0,nan
1,0,nan
1,0,nan
1,0,nan
1,0,nan
1,0,nan
1,0,nan
1,0,nan
1,0,nan
1,0,nan
1,0,nan
1,0,nan
1,0,nan
1,0,nan
1,0,nan
1,0,nan
1,0,nan
1,0,nan
1,0,nan
1,0,nan
1,0,nan
1,0,nan
1,0,nan
1,0,nan
1,0,nan
1,0,nan
1,0,nan
1,0,nan
1,0,nan
1,0,nan
1,0,nan
1,0,nan
1,0,nan
1,0,nan
1,0,nan
1,0,nan
1,0,nan
1,0,nan
1,0,nan
1,0,nan
1,0,nan
1,0,nan
1,0,nan
1,0,nan
1,0,nan
1,0,nan
1,0,nan
1,0,nan
1,0,nan
1,0,nan
1,0,nan
1,0,nan
1,0,nan
1,0,nan
1,0,nan
1,0,nan
1,0,nan
1,0,nan
1,0,nan
1,0,nan
1,0,nan
1,0,nan
1,0,nan
1,0,nan
1,0,nan
1,0,nan
1,0,nan
1,0,nan
1,0,nan
1,0,nan
1,0,nan
1,0,nan
1,0,nan
1,0,nan
1,0,nan
1,0,nan
1,0,nan
1,0,nan
1,0,nan
1,0,nan
1,0,nan
1,0,nan
1,0,nan
1,0,nan
1,0,nan
1,0,nan
1,0,nan
1,0,nan
1,0,nan
1,0,nan
1,0,nan
1,0,nan
1,0,nan
1,0,nan
1,0,nan
1,0,nan
1,0,nan
1,0,nan
1,0,nan
1,0,nan
1,0,nan
1,0,nan
1,0,nan
1,0,nan
1,0,nan
1,0,nan
1,0,nan
1,0,nan
1,0,nan
1,0,nan
1,0,nan
1,0,nan
1,0,nan
1,0,nan
1,0,nan
1,0,nan
1,0,nan
1,0,nan
1,0,nan
1,0,nan
1,0,nan
1,0,nan
1,0,nan
1,0,nan
1,0,nan
1,0,nan
1,0,nan
1,0,nan
1,0,nan
1,0,nan
1,0,nan
1,0,nan
1,0,nan
1,0,nan
1,0,nan
1,0,nan
1,0,nan
1,0,nan
1,0,nan
1,0,nan
1,0,nan
1,0,nan
1,0,nan
1,0,nan
1,0,nan
1,0,nan
1,0,nan
1,0,nan
1,0,nan
1,0,nan
1,0,nan
1,0,nan
1,0,nan
1,0,nan
1,0,nan
1,0,nan
1,0,nan
796,0,D_r_e_a_D
24,0,The_Great_ATuin
40,0,k0defix
9101,0,RootHouston
871,1,fuckEAinthecloaca
461,0,ABotelho23
381,0,limeunderground
1,0,LikeTheMobilizer
1,0,godbrain
7,0,cakeisamadeupdrug1
123,0,adavi608
5725,1,Peter2469
7901,1,Thort3
117,0,GnossisYT
1413,0,CantankerousOrder
3949,1,lroman
915,0,Gotoro
1907,0,neijajaneija
51,1,Wise_Mycologist_102
5723,1,Misicks0349
2461,1,awalkingabortion
83,0,poc4586
380,0,TheDunadan29
1787,0,YeetCacti
64,0,Ironfist79
1,0,nan
1,0,nan
1,0,nan
1,0,nan
1,0,nan
1,0,nan
1,0,nan
1,0,nan
1,0,nan
1,0,nan
1,0,nan
1,0,nan
1,0,nan
1,0,nan
1,0,nan
1,0,nan
1,0,nan
1,0,nan
1,0,nan
1,0,nan
1,0,nan
1,0,nan
1,0,nan
1,0,nan
1,0,nan
1,0,nan
1,0,nan
1,0,nan
1,0,nan
1,0,nan
1,0,nan
1,0,nan
1,0,nan
1,0,nan
1,0,nan
1,0,nan
1,0,nan
1,0,nan
1,0,nan
1,0,nan
1,0,nan
1,0,nan
1,0,nan
1,0,nan
1,0,nan
1,0,nan
1,0,nan
1,0,nan
1,0,nan
1,0,nan
1,0,nan
1,0,nan
1,0,nan
1,0,nan
1,0,nan
1,0,nan
1,0,nan
1,0,nan
1,0,nan
1,0,nan
1,0,nan
1,0,nan
1,0,nan
1,0,nan
1,0,nan
1,0,nan
1,0,nan
1,0,nan
1,0,nan
1,0,nan
1,0,nan
1,0,nan
1,0,nan
1,0,nan
1,0,nan
1,0,nan
1,0,nan
1,0,nan
1,0,nan
1,0,nan
1,0,nan
1,0,nan
1,0,nan
1,0,nan
1,0,nan
1,0,nan
1,0,nan
1,0,nan
1,0,nan
1,0,nan
1,0,nan
1,0,nan
1,0,nan
1,0,nan
1,0,nan
1,0,nan
1,0,nan
1,0,nan
1,0,nan
1,0,nan
1,0,nan
1,0,nan
1,0,nan
1,0,nan
1,0,nan
1,0,nan
1,0,nan
1,0,nan
1,0,nan
1,0,nan
1,0,nan
1,0,nan
1,0,nan
1,0,nan
1,0,nan
1,0,nan
1,0,nan
1,0,nan
1,0,nan
1,0,nan
1,0,nan
1,0,nan
1,0,nan
1,0,nan
1,0,nan
1,0,nan
1,0,nan
1,0,nan
1,0,nan
1,0,nan
1,0,nan
1,0,nan
1,0,nan
1,0,nan
1,0,nan
1,0,nan
1,0,nan
1,0,nan
1,0,nan
1,0,nan
1,0,nan
1,0,nan
1,0,nan
1,0,nan
1,0,nan
1,0,nan
1,0,nan
1,0,nan
1,0,nan
1,0,nan
1,0,nan
1,0,nan
1,0,nan
1,0,nan
1,0,nan
1,0,nan
1,0,nan
1,0,nan
1,0,nan
1,0,nan
1,0,nan
1,0,nan
1,0,nan
1,0,nan
1,0,nan
1,0,nan
1,0,nan
1,0,nan
1,0,nan
1,0,nan
1,0,nan
1,0,nan
1,0,nan
1,0,nan
1,0,nan
1,0,nan
1,0,nan
1,0,nan
1,0,nan
1,0,nan
1,0,nan
1,0,nan
1,0,nan
1,0,nan
1,0,nan
1,0,nan
1,0,nan
1,0,nan
1,0,nan
1,0,nan
1,0,nan
1,0,nan
1,0,nan
1,0,nan
1,0,nan
1,0,nan
1,0,nan
1,0,nan
1,0,nan
1,0,nan
1,0,nan
1,0,nan
1,0,nan
1,0,nan
1,0,nan
1,0,nan
1,0,nan
1,0,nan
1,0,nan
1,0,nan
1,0,nan
1,0,nan
1,0,nan
1,0,nan
1,0,nan
1,0,nan
1,0,nan
1,0,nan
1,0,nan
1,0,nan
1,0,nan
1,0,nan
1,0,nan
1,0,nan
1,0,nan
1,0,nan
1,0,nan
1,0,nan
1,0,nan
1,0,nan
1,0,nan
1,0,nan
1,0,nan
1,0,nan
1,0,nan
1,0,nan
1,0,nan
1,0,nan
1,0,nan
1,0,nan
1,0,nan
1,0,nan
1,0,nan
1,0,nan
1,0,nan
1,0,nan
1,0,nan
1,0,nan
1,0,nan
1,0,nan
1,0,nan
1,0,nan
1,0,nan
1,0,nan
1,0,nan
1,0,nan
1,0,nan
1,0,nan
1,0,nan
1,0,nan
1,0,nan
1,0,nan
1,0,nan
1,0,nan
1,0,nan
1,0,nan
1,0,nan
1,0,nan
1,0,nan
1,0,nan
1,0,nan
1,0,nan
1,0,nan
1,0,nan
1,0,nan
1,0,nan
1,0,nan
1,0,nan
1,0,nan
1,0,nan
1,0,nan
1,0,nan
1,0,nan
1,0,nan
1,0,nan
1,0,nan
1,0,nan
1,0,nan
1,0,nan
1,0,nan
1,0,nan
1,0,nan
1,0,nan
1,0,nan
1,0,nan
1,0,nan
1,0,nan
1,0,nan
1,0,nan
1,0,nan
1,0,nan
1,0,nan
1,0,nan
1,0,nan
1,0,nan
1,0,nan
1,0,nan
1,0,nan
1,0,nan
1,0,nan
1,0,nan
1,0,nan
1,0,nan
1,0,nan
1,0,nan
1,0,nan
1,0,nan
1,0,nan
1,0,nan
1,0,nan
1,0,nan
1,0,nan
1,0,nan
1,0,nan
1,0,nan
1,0,nan
1,0,nan
1,0,nan
1,0,nan
1,0,nan
1,0,nan
1,0,nan
1,0,nan
1,0,nan
1,0,nan
1,0,nan
1,0,nan
1,0,nan
1,0,nan
1,0,nan
1,0,nan
1,0,nan
1,0,nan
1,0,nan
1,0,nan
1,0,nan
1,0,nan
1,0,nan
1,0,nan
1,0,nan
35469,0,HamidPayamAbbasi
4734,0,RootingStuff4Fun
176,0,rob10501
2661,0,eyebum
332,0,Wooden_Caterpillar64
292,0,d00ber
1,0,nan
1,0,nan
1,0,nan
1,0,nan
1,0,nan
1,0,nan
1,0,nan
1,0,nan
1,0,nan
1,0,nan
1,0,nan
1,0,nan
1,0,nan
1,0,nan
1,0,nan
1,0,nan
1,0,nan
1,0,nan
1,0,nan
1,0,nan
1,0,nan
1,0,nan
1,0,nan
1,0,nan
1,0,nan
1,0,nan
1,0,nan
1,0,nan
1,0,nan
1,0,nan
1,0,nan
1,0,nan
1,0,nan
1,0,nan
1,0,nan
1,0,nan
1,0,nan
1,0,nan
1,0,nan
1,0,nan
1,0,nan
1,0,nan
1,0,nan
1,0,nan
1,0,nan
1,0,nan
1,0,nan
1,0,nan
1,0,nan
1,0,nan
1,0,nan
1,0,nan
1,0,nan
1,0,nan
1,0,nan
1,0,nan
1,0,nan
1,0,nan
1,0,nan
1,0,nan
1,0,nan
1,0,nan
1,0,nan
1,0,nan
1,0,nan
1,0,nan
1,0,nan
1,0,nan
1,0,nan
1,0,nan
1,0,nan
1,0,nan
1,0,nan
1,0,nan
1,0,nan
1,0,nan
1,0,nan
1,0,nan
1,0,nan
1,0,nan
1,0,nan
1,0,nan
1,0,nan
1,0,nan
1,0,nan
1,0,nan
1,0,nan
1,0,nan
1,0,nan
1,0,nan
1,0,nan
1,0,nan
1,0,nan
1,0,nan
1,0,nan
1,0,nan
1,0,nan
1,0,nan
1,0,nan
1,0,nan
1,0,nan
1,0,nan
1,0,nan
1,0,nan
1,0,nan
1,0,nan
1,0,nan
1,0,nan
1,0,nan
1,0,nan
1,0,nan
1,0,nan
1,0,nan
1,0,nan
1,0,nan
1,0,nan
1,0,nan
1,0,nan
1,0,nan
1,0,nan
1,0,nan
1,0,nan
1,0,nan
1,0,nan
1,0,nan
1,0,nan
1,0,nan
1,0,nan
1,0,nan
1,0,nan
1,0,nan
1,0,nan
1,0,nan
1,0,nan
1,0,nan
1,0,nan
1,0,nan
1,0,nan
1,0,nan
1,0,nan
1,0,nan
1,0,nan
1,0,nan
1,0,nan
1,0,nan
1,0,nan
1,0,nan
1,0,nan
1,0,nan
1,0,nan
1,0,nan
1,0,nan
1,0,nan
1,0,nan
1,0,nan
1,0,nan
1,0,nan
1,0,nan
1,0,nan
1,0,nan
1,0,nan
1,0,nan
1,0,nan
1,0,nan
1,0,nan
1,0,nan
1,0,nan
1,0,nan
1,0,nan
1,0,nan
1,0,nan
1,0,nan
1,0,nan
1,0,nan
1,0,nan
1,0,nan
1,0,nan
1,0,nan
1,0,nan
1,0,nan
1,0,nan
1,0,nan
1,0,nan
1,0,nan
1,0,nan
1,0,nan
1,0,nan
1,0,nan
1,0,nan
1,0,nan
1,0,nan
1,0,nan
1,0,nan
1,0,nan
1,0,nan
1,0,nan
1,0,nan
1,0,nan
1,0,nan
1,0,nan
1,0,nan
1,0,nan
1,0,nan
1,0,nan
1,0,nan
1,0,nan
1,0,nan
1,0,nan
1,0,nan
1,0,nan
1,0,nan
1,0,nan
1,0,nan
1,0,nan
1,0,nan
1,0,nan
1,0,nan
1,0,nan
1,0,nan
1,0,nan
1,0,nan
1,0,nan
1,0,nan
1,0,nan
1,0,nan
1,0,nan
1,0,nan
1,0,nan
1,0,nan
1,0,nan
1,0,nan
1,0,nan
1,0,nan
1,0,nan
1,0,nan
1,0,nan
1,0,nan
1,0,nan
1,0,nan
1,0,nan
1,0,nan
1,0,nan
1,0,nan
1,0,nan
1,0,nan
1,0,nan
1,0,nan
1,0,nan
1,0,nan
1,0,nan
1,0,nan
1,0,nan
1,0,nan
1,0,nan
1,0,nan
1,0,nan
1,0,nan
1,0,nan
1,0,nan
1,0,nan
1,0,nan
1,0,nan
1,0,nan
1,0,nan
1,0,nan
1,0,nan
1,0,nan
1,0,nan
1,0,nan
1,0,nan
1,0,nan
1,0,nan
1,0,nan
1,0,nan
1,0,nan
1,0,nan
1,0,nan
1,0,nan
1,0,nan
1,0,nan
1,0,nan
1,0,nan
1,0,nan
1,0,nan
1,0,nan
1,0,nan
1,0,nan
1,0,nan
1,0,nan
1,0,nan
1,0,nan
1,0,nan
1,0,nan
1,0,nan
1,0,nan
1,0,nan
1,0,nan
1,0,nan
1,0,nan
1,0,nan
1,0,nan
1,0,nan
1,0,nan
1,0,nan
1,0,nan
1,0,nan
1,0,nan
1,0,nan
1,0,nan
1,0,nan
1,0,nan
1,0,nan
1,0,nan
1,0,nan
1,0,nan
1,0,nan
1,0,nan
1,0,nan
1,0,nan
1,0,nan
1,0,nan
1,0,nan
1,0,nan
1,0,nan
1,0,nan
1,0,nan
1,0,nan
1,0,nan
1,0,nan
1,0,nan
1,0,nan
1,0,nan
1,0,nan
1,0,nan
1,0,nan
1,0,nan
1,0,nan
1,0,nan
1,0,nan
1,0,nan
1,0,nan
1,0,nan
1,0,nan
1,0,nan
1,0,nan
1,0,nan
1,0,nan
1,0,nan
1,0,nan
1,0,nan
2150,0,19Jacoby98
1304,0,The_camperdave
5529,1,supercheetah
320,1,hirschnase
1,0,Ghost01170
14517,0,samarthrawat1
1,0,johnisfine
9,0,DaylightAdmin
1,0,b_jamin_
49,0,PraiseBobSlackOff
734,0,recaffeinated
1233,0,archaeolinuxgeek
16,0,browneagle2085
3462,1,DunamisMax
324,1,benoittallandier
6270,0,userse31
684,1,Twake-App
265,0,singularineet
684,1,Twake-App
684,1,Twake-App
13,0,U8dcN7vx
418,0,SanderE1
51,0,AstartesFartes
684,1,Twake-App
3435,0,domsch1988
134,0,notabee
10869,0,LogosHobo
1137,0,Toast42
11703,0,beck1670
6686,0,Hi_ItsPaul
317,0,stealthmodeactive
4350,0,x3iv130f
606,0,waregen
5377,0,el_lanor
21572,0,NateDevCSharp
4516,0,hucifer
296,0,D0wn2
13482,0,FlatAds
734,0,recaffeinated
21626,0,somerandompiggo
684,1,Twake-App
684,1,Twake-App
21626,0,somerandompiggo
3269,0,thearctican
684,1,Twake-App
6686,0,Hi_ItsPaul
436,0,69-year-old
595,0,pizzapunt55
380,0,TheDunadan29
356,0,solongandthanks4all
684,1,Twake-App
684,1,Twake-App
684,1,Twake-App
912,0,emptyskoll
684,1,Twake-App
356,0,solongandthanks4all
684,1,Twake-App
684,1,Twake-App
16,0,browneagle2085
684,1,Twake-App
13,0,U8dcN7vx
684,1,Twake-App
684,1,Twake-App
684,1,Twake-App
380,0,TheDunadan29
16,0,browneagle2085
1967,0,Potato-of-All-Trades
1,0,nan
1,0,nan
1,0,nan
1,0,nan
1,0,nan
1,0,nan
1,0,nan
1,0,nan
1,0,nan
1,0,nan
1,0,nan
1,0,nan
1,0,nan
1,0,nan
1,0,nan
1,0,nan
1,0,nan
1,0,nan
1,0,nan
1,0,nan
1,0,nan
1,0,nan
1,0,nan
1,0,nan
1,0,nan
1,0,nan
1,0,nan
1,0,nan
1,0,nan
1,0,nan
1,0,nan
1,0,nan
1,0,nan
1,0,nan
1,0,nan
1,0,nan
1,0,nan
1,0,nan
1,0,nan
1,0,nan
1,0,nan
1,0,nan
1,0,nan
1,0,nan
1,0,nan
1,0,nan
1,0,nan
1,0,nan
1,0,nan
1,0,nan
1,0,nan
1,0,nan
1,0,nan
1,0,nan
1,0,nan
1,0,nan
1,0,nan
1,0,nan
1,0,nan
1,0,nan
1,0,nan
1,0,nan
1,0,nan
1,0,nan
1,0,nan
1,0,nan
1,0,nan
1,0,nan
1,0,nan
1,0,nan
1,0,nan
1,0,nan
1,0,nan
1,0,nan
1,0,nan
1,0,nan
1,0,nan
1,0,nan
1,0,nan
1,0,nan
1,0,nan
1,0,nan
1,0,nan
1,0,nan
1,0,nan
1,0,nan
1,0,nan
1,0,nan
1,0,nan
1,0,nan
1,0,nan
1,0,nan
1,0,nan
1,0,nan
1,0,nan
1,0,nan
1,0,nan
1,0,nan
1,0,nan
1,0,nan
1,0,nan
1,0,nan
1,0,nan
1,0,nan
1,0,nan
1,0,nan
1,0,nan
1,0,nan
1,0,nan
1,0,nan
1,0,nan
1,0,nan
1,0,nan
1,0,nan
1,0,nan
1,0,nan
1,0,nan
1,0,nan
1,0,nan
1,0,nan
1,0,nan
1,0,nan
1,0,nan
1,0,nan
1,0,nan
1,0,nan
1,0,nan
1,0,nan
1,0,nan
1,0,nan
1,0,nan
1,0,nan
1,0,nan
1,0,nan
1,0,nan
1,0,nan
1,0,nan
1,0,nan
1,0,nan
1,0,nan
1,0,nan
1,0,nan
1,0,nan
1,0,nan
1,0,nan
1,0,nan
1,0,nan
1,0,nan
1,0,nan
1,0,nan
1,0,nan
1,0,nan
1,0,nan
1,0,nan
1,0,nan
1,0,nan
1,0,nan
1,0,nan
1,0,nan
1,0,nan
1,0,nan
1,0,nan
1,0,nan
1,0,nan
1,0,nan
1,0,nan
1,0,nan
1,0,nan
1,0,nan
1,0,nan
1,0,nan
1,0,nan
1,0,nan
1,0,nan
1,0,nan
1,0,nan
1,0,nan
1,0,nan
1,0,nan
1,0,nan
1,0,nan
1,0,nan
1,0,nan
1,0,nan
1,0,nan
1,0,nan
1,0,nan
1,0,nan
1,0,nan
1,0,nan
1,0,nan
1,0,nan
1,0,nan
1,0,nan
1,0,nan
1,0,nan
1,0,nan
1,0,nan
1,0,nan
1,0,nan
1,0,nan
1,0,nan
1,0,nan
1,0,nan
1,0,nan
1,0,nan
1,0,nan
1,0,nan
1,0,nan
1,0,nan
1,0,nan
1,0,nan
1,0,nan
1,0,nan
1,0,nan
1,0,nan
1,0,nan
1,0,nan
1,0,nan
1,0,nan
1,0,nan
1,0,nan
1,0,nan
1,0,nan
1,0,nan
1,0,nan
1,0,nan
1,0,nan
1,0,nan
1,0,nan
1,0,nan
1,0,nan
1,0,nan
1,0,nan
1,0,nan
1,0,nan
1,0,nan
1,0,nan
1,0,nan
1,0,nan
1,0,nan
1,0,nan
1,0,nan
1,0,nan
1,0,nan
1,0,nan
1,0,nan
1,0,nan
1,0,nan
1,0,nan
1,0,nan
1,0,nan
1,0,nan
1,0,nan
1,0,nan
1,0,nan
1,0,nan
1,0,nan
1,0,nan
1,0,nan
1,0,nan
1,0,nan
1,0,nan
1,0,nan
1,0,nan
1,0,nan
1,0,nan
1,0,nan
1,0,nan
1,0,nan
1,0,nan
1,0,nan
1,0,nan
1,0,nan
1,0,nan
1,0,nan
1,0,nan
1,0,nan
1,0,nan
1,0,nan
1,0,nan
1,0,nan
1,0,nan
1,0,nan
1,0,nan
1,0,nan
1,0,nan
1,0,nan
1,0,nan
1,0,nan
1,0,nan
1,0,nan
1,0,nan
1,0,nan
1,0,nan
1,0,nan
1,0,nan
1,0,nan
1,0,nan
1,0,nan
1,0,nan
1,0,nan
1,0,nan
1,0,nan
1,0,nan
1,0,nan
1,0,nan
1,0,nan
1,0,nan
1,0,nan
1,0,nan
1,0,nan
1,0,nan
1,0,nan
1,0,nan
1,0,nan
1,0,nan
1,0,nan
1,0,nan
1,0,nan
1,0,nan
1,0,nan
1,0,nan
1,0,nan
1,0,nan
1,0,nan
1,0,nan
1,0,nan
1,0,nan
1,0,nan
1,0,nan
1,0,nan
1,0,nan
1,0,nan
1,0,nan
1,0,nan
1,0,nan
1,0,nan
1,0,nan
1,0,nan
1,0,nan
1,0,nan
1,0,nan
1,0,nan
1,0,nan
1,0,nan
1,0,nan
1,0,nan
1,0,nan
1,0,nan
684,1,Twake-App
305,0,MrRandom04
8,0,maverick6097
7397,0,Decker108
8,1,maverick6097
18,0,Ironlenny
75,0,Popular-Egg-3746
469,0,tydog98
356,0,solongandthanks4all
734,0,recaffeinated
1257,0,admiralspark
16892,0,Treyzania
16892,0,Treyzania
11,0,TomDuhamel
11703,1,beck1670
4222,1,kenzer161
2794,0,The_Lord_Humongous
75,0,Popular-Egg-3746
3419,0,trenchgun
6686,1,Hi_ItsPaul
604,1,EarthyFeet
7947,0,stblr
796,0,D_r_e_a_D
184,0,thisisabore
796,1,D_r_e_a_D
796,0,D_r_e_a_D
356,0,solongandthanks4all
16892,0,Treyzania
3269,1,thearctican
461,0,ABotelho23
88,0,mooshoes
1,0,FUDGERY
2128,0,jsdude09
2128,0,jsdude09
123,0,adavi608
117,1,GnossisYT
2461,0,awalkingabortion
324,1,benoittallandier
2661,1,eyebum
332,1,Wooden_Caterpillar64
1,1,nan
2012,1,brokedown
93,0,wtallis
24,0,Usnarb
1610,0,Xanza
3269,0,thearctican
2655,0,exmachinalibertas
1497,0,SickMoonDoe
16,1,browneagle2085
301077,0,meditonsin
684,1,Twake-App
684,1,Twake-App
20073,0,redditor2redditor
684,0,Twake-App
684,1,Twake-App
6878,0,Magnus_Tesshu
3054,0,technologyclassroom
684,1,Twake-App
684,1,Twake-App
10398,0,Jussapitka
418,1,SanderE1
3269,0,thearctican
51,0,AstartesFartes
11572,0,dextersgenius
2744,0,Queueue_
10869,0,LogosHobo
4545,0,zladuric
796,0,D_r_e_a_D
406,1,nunoperalta
406,1,nunoperalta
13482,1,FlatAds
734,1,recaffeinated
360,0,NeilHanlon
21626,0,somerandompiggo
2674,0,iissmarter
595,0,pizzapunt55
1967,1,Potato-of-All-Trades
505,0,drunkdragon
505,0,drunkdragon
8,0,maverick6097
75,0,Popular-Egg-3746
1622,1,mechaPantsu
144,1,kylekillzone
356,0,solongandthanks4all
1257,0,admiralspark
16892,0,Treyzania
44836,0,Gangsir
184,1,thisisabore
796,0,D_r_e_a_D
16892,0,Treyzania
97,0,savornicesei
793,0,happymellon
3269,1,thearctican
5700,1,quintinza
2128,0,jsdude09
3269,0,thearctican
20073,1,redditor2redditor
242,1,jabjoe
3287,0,whatnowwproductions
317,0,stealthmodeactive
3615,0,chris-tier
684,1,Twake-App
222,0,2CatsOnMyKeyboard
418,1,SanderE1
11572,1,dextersgenius
3269,0,thearctican
10869,0,LogosHobo
406,0,nunoperalta
21626,1,somerandompiggo
21626,1,somerandompiggo
595,0,pizzapunt55
445,0,evilnilla
505,0,drunkdragon
1489,1,helgur
16892,0,Treyzania
3854,0,optimalidkwhattoput
16892,0,Treyzania
3269,0,thearctican
16892,0,Treyzania
97,0,savornicesei
2128,0,jsdude09
3269,1,thearctican
418,1,SanderE1
16892,0,Treyzania
1,0,nan
1,0,nan
1,0,nan
1,0,nan
1,0,nan
1,0,nan
1,0,nan
1,0,nan
1,0,nan
1,0,nan
1,0,nan
1,0,nan
1,0,nan
1,0,nan
1,0,nan
1,0,nan
1,0,nan
1,0,nan
1,0,nan
1,0,nan
1,0,nan
1,0,nan
1,0,nan
1,0,nan
1,0,nan
1,0,nan
1,0,nan
1,0,nan
1,0,nan
1,0,nan
1,0,nan
1,0,nan
1,0,nan
1,0,nan
1,0,nan
1,0,nan
1,0,nan
1,0,nan
1,0,nan
1,0,nan
1,0,nan
1,0,nan
1,0,nan
1,0,nan
1,0,nan
1,0,nan
1,0,nan
21626,0,somerandompiggo
595,0,pizzapunt55
3854,0,optimalidkwhattoput
3269,0,thearctican
1,0,hehhhhhhhhhh
10097,0,Vinnipinni
2128,0,jsdude09
16892,1,Treyzania
360,0,NeilHanlon
21626,1,somerandompiggo
21626,1,somerandompiggo
595,0,pizzapunt55
1117,0,robbyoconnor
962,0,is0lated
3958,0,Adopt_a_Mud_Golem
2053,0,kuroimakina
214,0,YourCloseFriend
43,0,dokter_chaos
286,0,CondiMesmer
555,0,kazkylheku
2365,0,wintermute2986
803,0,diamon-minecraft
590530,0,digdilem
66,0,Advanced_Ad_3868
2699,0,Oli_Picard
560,0,dontyougetsoupedyet
54,0,xkcd__386
3,1,Thorhian
61,1,nintendiator2
1,0,qu1j0t3
168,0,BlazzaNz
685,0,atz00
685,0,atz00
36,0,Ok_Giraffe_3620
1382,0,VMGuy23temporary
1,0,nan
1,0,nan
1,0,nan
1,0,nan
1,0,nan
1,0,nan
1,0,nan
1,0,nan
1,0,nan
1,0,nan
1,0,nan
1,0,nan
1,0,nan
1,0,nan
1,0,nan
1,0,nan
1,0,nan
1,0,nan
1,0,nan
1,0,nan
1,0,nan
1,0,nan
1,0,nan
1,0,nan
1,0,nan
1,0,nan
1,0,nan
1,0,nan
1,0,nan
1,0,nan
1,0,nan
1,0,nan
1,0,nan
1,0,nan
1,0,nan
1,0,nan
1,0,nan
1,0,nan
1,0,nan
1,0,nan
1,0,nan
1,0,nan
1,0,nan
1,0,nan
1,0,nan
1,0,nan
1,0,nan
1,0,nan
1,0,nan
1,0,nan
1,0,nan
1,0,nan
1,0,nan
1,0,nan
1,0,nan
1,0,nan
1,0,nan
1,0,nan
1,0,nan
1,0,nan
1,0,nan
1,0,nan
1,0,nan
1,0,nan
1,0,nan
1,0,nan
1,0,nan
1,0,nan
1,0,nan
1,0,nan
1,0,nan
1,0,nan
1,0,nan
1,0,nan
1,0,nan
1,0,nan
1,0,nan
1,0,nan
1,0,nan
1,0,nan
1,0,nan
1,0,nan
1,0,nan
1,0,nan
1,0,nan
1,0,nan
1,0,nan
1,0,nan
1,0,nan
1,0,nan
1,0,nan
1,0,nan
1,0,nan
1,0,nan
1,0,nan
1,0,nan
1,0,nan
1,0,nan
1,0,nan
1,0,nan
1,0,nan
1,0,nan
1,0,nan
1,0,nan
1,0,nan
1,0,nan
1,0,nan
1,0,nan
1,0,nan
1,0,nan
1,0,nan
1,0,nan
1,0,nan
1,0,nan
1,0,nan
1,0,nan
1,0,nan
1,0,nan
1,0,nan
1,0,nan
1,0,nan
1,0,nan
1,0,nan
1,0,nan
1,0,nan
1,0,nan
1,0,nan
1,0,nan
1,0,nan
1,0,nan
1,0,nan
1,0,nan
1,0,nan
1,0,nan
1,0,nan
1,0,nan
1,0,nan
1,0,nan
1,0,nan
1,0,nan
1,0,nan
1,0,nan
1,0,nan
1,0,nan
1,0,nan
1,0,nan
1,0,nan
1,0,nan
1,0,nan
1,0,nan
1,0,nan
1,0,nan
1,0,nan
1,0,nan
1,0,nan
1,0,nan
1,0,nan
1,0,nan
1,0,nan
1,0,nan
1,0,nan
1,0,nan
1,0,nan
1,0,nan
1,0,nan
1,0,nan
1,0,nan
1,0,nan
1,0,nan
1,0,nan
1,0,nan
1,0,nan
1,0,nan
1,0,nan
1,0,nan
1,0,nan
1,0,nan
1,0,nan
1,0,nan
1,0,nan
1,0,nan
1,0,nan
1,0,nan
1,0,nan
1,0,nan
1,0,nan
1,0,nan
1,0,nan
1,0,nan
1,0,nan
1,0,nan
1,0,nan
1,0,nan
1,0,nan
1,0,nan
1,0,nan
1,0,nan
1,0,nan
1,0,nan
1,0,nan
1,0,nan
1,0,nan
1,0,nan
1,0,nan
1,0,nan
1,0,nan
1,0,nan
1,0,nan
1,0,nan
1,0,nan
1,0,nan
1,0,nan
1,0,nan
1,0,nan
1,0,nan
1,0,nan
1,0,nan
1,0,nan
1,0,nan
1,0,nan
1,0,nan
1,0,nan
1,0,nan
1,0,nan
1,0,nan
1,0,nan
1,0,nan
1,0,nan
1,0,nan
1,0,nan
1,0,nan
1,0,nan
1,0,nan
1,0,nan
1,0,nan
1,0,nan
1,0,nan
1,0,nan
1,0,nan
1,0,nan
1,0,nan
1,0,nan
1,0,nan
1,0,nan
1,0,nan
1,0,nan
1,0,nan
1,0,nan
1,0,nan
1,0,nan
1,0,nan
1,0,nan
1,0,nan
1,0,nan
1,0,nan
1,0,nan
1,0,nan
1,0,nan
1,0,nan
1,0,nan
1,0,nan
1,0,nan
1,0,nan
1,0,nan
1,0,nan
1,0,nan
1,0,nan
1,0,nan
1,0,nan
1,0,nan
1,0,nan
1,0,nan
1,0,nan
1,0,nan
1,0,nan
1,0,nan
1,0,nan
1,0,nan
1,0,nan
1,0,nan
1,0,nan
1,0,nan
1,0,nan
1,0,nan
1,0,nan
1,0,nan
1,0,nan
1,0,nan
1,0,nan
1,0,nan
1,0,nan
1,0,nan
1,0,nan
1,0,nan
1,0,nan
1,0,nan
1,0,nan
1,0,nan
1,0,nan
1,0,nan
1,0,nan
1,0,nan
1,0,nan
1,0,nan
1,0,nan
1,0,nan
1,0,nan
1,0,nan
1,0,nan
1,0,nan
1,0,nan
1,0,nan
1,0,nan
1,0,nan
1,0,nan
1,0,nan
1,0,nan
1,0,nan
1,0,nan
1,0,nan
1,0,nan
1,0,nan
1,0,nan
1,0,nan
1,0,nan
1,0,nan
1,0,nan
1,0,nan
1,0,nan
1,0,nan
1,0,nan
1,0,nan
1,0,nan
1,0,nan
1,0,nan
1,0,nan
1,0,nan
1,0,nan
1,0,nan
1,0,nan
1,0,nan
1,0,nan
1,0,nan
1,0,nan
1,0,nan
1,0,nan
1,0,nan
1,0,nan
1,0,nan
1,0,nan
1117,0,robbyoconnor
31529,0,el_muchacho
10457,1,kiedtl
4,0,EnigmaticConsultant
310,0,solve-for-x
1,0,suncontrolspecies
42,0,1nc0nsp1cu0us
207,0,chunkyhairball
31529,0,el_muchacho
10457,0,kiedtl
10495,0,nixcamic
5,0,dlbpeon
2478,0,dale_glass
19,0,mina86ng
11,0,_nosewings_
660,0,INITMalcanis
141,0,Niarbeht
1,0,nan
1004,0,IBNash
60,1,ttkciar
890,0,dr_spork
1,0,nan
1,0,nan
1,0,nan
1,0,nan
1,0,nan
1,0,nan
1,0,nan
1,0,nan
1,0,nan
1,0,nan
1,0,nan
1,0,nan
1,0,nan
1,0,nan
1,0,nan
1,0,nan
1,0,nan
1,0,nan
1,0,nan
1,0,nan
1,0,nan
1,0,nan
1,0,nan
1,0,nan
1,0,nan
1,0,nan
1,0,nan
1,0,nan
1,0,nan
1,0,nan
1,0,nan
1,0,nan
1,0,nan
1,0,nan
1,0,nan
1,0,nan
1,0,nan
1,0,nan
1,0,nan
1,0,nan
1,0,nan
1,0,nan
1,0,nan
1,0,nan
1,0,nan
1,0,nan
1,0,nan
1,0,nan
1,0,nan
1,0,nan
1,0,nan
1,0,nan
1,0,nan
1,0,nan
1,0,nan
1,0,nan
1,0,nan
1,0,nan
1,0,nan
1,0,nan
1,0,nan
1,0,nan
1,0,nan
1,0,nan
1,0,nan
1,0,nan
1,0,nan
1,0,nan
1,0,nan
1,0,nan
1,0,nan
1,0,nan
1,0,nan
1,0,nan
1,0,nan
1,0,nan
1,0,nan
1,0,nan
1,0,nan
1,0,nan
1,0,nan
1,0,nan
1,0,nan
1,0,nan
1,0,nan
1,0,nan
1,0,nan
1,0,nan
1,0,nan
1,0,nan
1,0,nan
1,0,nan
1,0,nan
1,0,nan
1,0,nan
1,0,nan
1,0,nan
1,0,nan
1,0,nan
1,0,nan
1,0,nan
1,0,nan
1,0,nan
1,0,nan
1,0,nan
1,0,nan
1,0,nan
1,0,nan
1,0,nan
1,0,nan
1,0,nan
1,0,nan
1,0,nan
1,0,nan
1,0,nan
1,0,nan
1,0,nan
1,0,nan
1,0,nan
1,0,nan
1,0,nan
1,0,nan
1,0,nan
1,0,nan
1,0,nan
1,0,nan
1,0,nan
1,0,nan
1,0,nan
1,0,nan
1,0,nan
1,0,nan
1,0,nan
1,0,nan
1,0,nan
1,0,nan
1,0,nan
1,0,nan
1,0,nan
1,0,nan
1,0,nan
1,0,nan
1,0,nan
1,0,nan
1,0,nan
1,0,nan
1,0,nan
1,0,nan
1,0,nan
1,0,nan
1,0,nan
1,0,nan
1,0,nan
1,0,nan
1,0,nan
1,0,nan
1,0,nan
1,0,nan
1,0,nan
1,0,nan
1,0,nan
1,0,nan
1,0,nan
1,0,nan
1,0,nan
1,0,nan
1,0,nan
1,0,nan
1,0,nan
1,0,nan
1,0,nan
1,0,nan
1,0,nan
1,0,nan
1,0,nan
1,0,nan
1,0,nan
1,0,nan
1,0,nan
1,0,nan
1,0,nan
1,0,nan
1,0,nan
1,0,nan
1,0,nan
1,0,nan
1,0,nan
1,0,nan
1,0,nan
1,0,nan
1,0,nan
1,0,nan
1,0,nan
1,0,nan
1,0,nan
1,0,nan
1,0,nan
1,0,nan
1,0,nan
1,0,nan
1,0,nan
1,0,nan
1,0,nan
1,0,nan
1,0,nan
1,0,nan
1,0,nan
1,0,nan
1,0,nan
1,0,nan
1,0,nan
1,0,nan
1,0,nan
1,0,nan
1,0,nan
1,0,nan
1,0,nan
1,0,nan
1,0,nan
1,0,nan
1,0,nan
1,0,nan
1,0,nan
1,0,nan
1,0,nan
1,0,nan
1,0,nan
1,0,nan
1,0,nan
1,0,nan
1,0,nan
1,0,nan
1,0,nan
1,0,nan
1,0,nan
1,0,nan
1,0,nan
1,0,nan
1,0,nan
1,0,nan
1,0,nan
1,0,nan
1,0,nan
1,0,nan
1,0,nan
1,0,nan
1,0,nan
1,0,nan
1,0,nan
1,0,nan
1,0,nan
1,0,nan
1,0,nan
1,0,nan
1,0,nan
1,0,nan
1,0,nan
1,0,nan
1,0,nan
1,0,nan
1,0,nan
1,0,nan
1,0,nan
1,0,nan
1,0,nan
1,0,nan
1,0,nan
1,0,nan
1,0,nan
1,0,nan
1,0,nan
1,0,nan
1,0,nan
1,0,nan
1,0,nan
1,0,nan
1,0,nan
1,0,nan
1,0,nan
1,0,nan
1,0,nan
1,0,nan
1,0,nan
1,0,nan
1,0,nan
1,0,nan
1,0,nan
1,0,nan
1,0,nan
1,0,nan
1,0,nan
1,0,nan
1,0,nan
1,0,nan
1,0,nan
1,0,nan
1,0,nan
1,0,nan
1,0,nan
1,0,nan
1,0,nan
1,0,nan
1,0,nan
1,0,nan
1,0,nan
1,0,nan
1,0,nan
1,0,nan
1,0,nan
1,0,nan
1,0,nan
1,0,nan
1,0,nan
1,0,nan
1,0,nan
1,0,nan
1,0,nan
1,0,nan
1,0,nan
1,0,nan
1,0,nan
1,0,nan
1,0,nan
1,0,nan
1,0,nan
1,0,nan
1,0,nan
1,0,nan
1,0,nan
1,0,nan
1,0,nan
1,0,nan
1,0,nan
1,0,nan
1,0,nan
1,0,nan
1,0,nan
1,0,nan
1,0,nan
1,0,nan
1,0,nan
1,0,nan
1,0,nan
1,0,nan
1,0,nan
1,0,nan
1,0,nan
1,0,nan
1,0,nan
1,0,nan
10361,0,thephotoman
3795,0,turdas
1,1,nan
2226,0,C0rn3j
21,1,keep_me_at_0_karma
26,0,wasdninja
3,1,Thorhian
10457,0,kiedtl
33,0,Vlad25_8069758011
412,0,latkde
151,0,lnfomorph
10495,0,nixcamic
1,0,nan
60,0,ttkciar
21,0,keep_me_at_0_karma
1,0,nan
200,1,lealxe
5118,0,ThePenultimateOne
294,0,icebob99
144,0,Arup65
292,1,Darwinmate
364,0,mcosta
2,0,RealityGoneNuts2610k
1,0,nan
20205,1,MAXIMUS-1
731,1,2fast4u180
675,0,thedewdabodes
81,0,RadiatedMonkey
1,0,nan
1,0,nan
1,0,nan
1,0,nan
1,0,nan
1,0,nan
1,0,nan
1,0,nan
1,0,nan
1,0,nan
1,0,nan
1,0,nan
1,0,nan
1,0,nan
1,0,nan
1,0,nan
1,0,nan
1,0,nan
1,0,nan
1,0,nan
1,0,nan
1,0,nan
1,0,nan
1,0,nan
1,0,nan
1,0,nan
1,0,nan
1,0,nan
1,0,nan
1,0,nan
1,0,nan
1,0,nan
1,0,nan
1,0,nan
1,0,nan
1,0,nan
1,0,nan
1,0,nan
1,0,nan
1,0,nan
1,0,nan
1,0,nan
1,0,nan
1,0,nan
1,0,nan
1,0,nan
1,0,nan
1,0,nan
1,0,nan
1,0,nan
1,0,nan
1,0,nan
1,0,nan
1,0,nan
1,0,nan
1,0,nan
1,0,nan
1,0,nan
1,0,nan
1,0,nan
1,0,nan
1,0,nan
1,0,nan
1,0,nan
1,0,nan
1,0,nan
1,0,nan
1,0,nan
1,0,nan
1,0,nan
1,0,nan
1,0,nan
1,0,nan
1,0,nan
1,0,nan
1,0,nan
1,0,nan
1,0,nan
1,0,nan
1,0,nan
1,0,nan
1,0,nan
1,0,nan
1,0,nan
1,0,nan
1,0,nan
1,0,nan
1,0,nan
1,0,nan
1,0,nan
1,0,nan
1,0,nan
1,0,nan
1,0,nan
1,0,nan
1,0,nan
1,0,nan
1,0,nan
1,0,nan
1,0,nan
1,0,nan
1,0,nan
1,0,nan
1,0,nan
1,0,nan
1,0,nan
1,0,nan
1,0,nan
1,0,nan
1,0,nan
1,0,nan
1,0,nan
1,0,nan
1,0,nan
1,0,nan
1,0,nan
1,0,nan
1,0,nan
1,0,nan
1,0,nan
1,0,nan
1,0,nan
1,0,nan
1,0,nan
1,0,nan
1,0,nan
1,0,nan
1,0,nan
1,0,nan
1,0,nan
1,0,nan
1,0,nan
1,0,nan
1,0,nan
1,0,nan
1,0,nan
1,0,nan
1,0,nan
1,0,nan
1,0,nan
1,0,nan
1,0,nan
1,0,nan
1,0,nan
1,0,nan
1,0,nan
1,0,nan
1,0,nan
1,0,nan
1,0,nan
1,0,nan
1,0,nan
1,0,nan
1,0,nan
1,0,nan
1,0,nan
1,0,nan
1,0,nan
1,0,nan
1,0,nan
1,0,nan
1,0,nan
1,0,nan
1,0,nan
1,0,nan
1,0,nan
1,0,nan
1,0,nan
1,0,nan
1,0,nan
1,0,nan
1,0,nan
1,0,nan
1,0,nan
1,0,nan
1,0,nan
1,0,nan
1,0,nan
1,0,nan
1,0,nan
1,0,nan
1,0,nan
1,0,nan
1,0,nan
1,0,nan
1,0,nan
1,0,nan
1,0,nan
1,0,nan
1,0,nan
1,0,nan
1,0,nan
1,0,nan
1,0,nan
1,0,nan
